<?xml version="1.0" encoding="UTF-8"?>
<project-private xmlns="http://www.netbeans.org/ns/project-private/1">
    <editor-bookmarks xmlns="http://www.netbeans.org/ns/editor-bookmarks/2" lastBookmarkId="0"/>
    <open-files xmlns="http://www.netbeans.org/ns/projectui-open-files/2">
        <group>
            <file>file:/C:/Users/Estudiante/Desktop/ejemploencapsulamiento/asociaciones/src/asociaciones/entidades/Curso.java</file>
            <file>file:/C:/Users/Estudiante/Desktop/ejemploencapsulamiento/asociaciones/src/asociaciones/pantallas/PantallaProfesores.java</file>
            <file>file:/C:/Users/Estudiante/Desktop/ejemploencapsulamiento/asociaciones/src/asociaciones/Asociaciones.java</file>
            <file>file:/C:/Users/Estudiante/Desktop/ejemploencapsulamiento/asociaciones/src/asociaciones/entidades/Profesor.java</file>
            <file>file:/C:/Users/Estudiante/Desktop/ejemploencapsulamiento/asociaciones/src/asociaciones/pantallas/PantallaEditarEstudiante.java</file>
            <file>file:/C:/Users/Estudiante/Desktop/ejemploencapsulamiento/asociaciones/src/asociaciones/entidades/Estudiante.java</file>
            <file>file:/C:/Users/Estudiante/Desktop/ejemploencapsulamiento/asociaciones/src/asociaciones/pantallas/PantallaEditarProfesor.java</file>
            <file>file:/C:/Users/Estudiante/Desktop/ejemploencapsulamiento/asociaciones/src/asociaciones/pantallas/PantallaEditarCurso.java</file>
        </group>
    </open-files>
</project-private>
